name,16S.assembled,16S.ref_seq,16S.pct_id,16S.16S.1184T,16S.16S.1184T.%,16S.1184T,16S.1184T.%,23S.assembled,23S.ref_seq,23S.pct_id,23S.23S.2045G,23S.23S.2045G.%,23S.23S.2597T,23S.23S.2597T.%,23S.2045G,23S.2045G.%,23S.2597CT,23S.2597CT.%,23S.2597T,23S.2597T.%,blaTEM.assembled,blaTEM.ref_seq,blaTEM.pct_id,gyrA.assembled,gyrA.ref_seq,gyrA.pct_id,gyrA.gyrA.91F,gyrA.gyrA.92T,gyrA.gyrA.95G,gyrA.gyrA.95N,gyrA.D95G,gyrA.D95N,gyrA.S91F,gyrB.assembled,gyrB.ref_seq,gyrB.pct_id,mtrC.assembled,mtrC.ref_seq,mtrC.pct_id,mtrD.assembled,mtrD.ref_seq,mtrD.pct_id,parC.assembled,parC.ref_seq,parC.pct_id,parC.parC.86N,parC.parC.87I,parC.parC.87N,parC.parC.87R,parC.parC.91K,parC.D86N,parC.E91K,parC.S87I,parC.S87N,parC.S87R,penA.assembled,penA.ref_seq,penA.pct_id,penA.penA.311V,penA.penA.316P,penA.penA.316T,penA.penA.501P,penA.A311V,penA.A501P,penA.V316P,penA.V316T,penA100partial.assembled,penA100partial.ref_seq,penA100partial.pct_id,penA100partial.D147_T148insT,ponA.assembled,ponA.ref_seq,ponA.pct_id,ponA.ponA.421P,ponA.L421P,rpsE.assembled,rpsE.ref_seq,rpsE.pct_id,rpsE.rpsE.24P,rpsE.T24P,rpsJ.assembled,rpsJ.ref_seq,rpsJ.pct_id,rpsJ.rpsJ.57M,rpsJ.V57M,tetM.assembled,tetM.ref_seq,tetM.pct_id
examples/ariba_output/WHO_A_SRR27944640_ARIBA/report_complete.tsv,yes_nonunique,16S.rDNA_WHO_F_01361c,99.93,no,NA,no,NA,yes_nonunique,23S.rDNA_WHO_F_01358c,99.93,no,NA,no,NA,no,NA,no,NA,no,NA,no,NA,NA,yes,gyrA.WHO_F_00668c,100.0,no,no,no,no,no,no,no,yes,gyrB.WHO_F_02057,99.92,yes,mtrC.PW,99.76,yes,mtrD.WHO_F_01562c,99.91,yes,parC.WHO_F_01444,99.48,no,no,no,no,no,no,no,no,no,no,yes,penA.100.008,100.0,no,no,no,no,no,no,no,no,interrupted,penA100partial.001,99.78,no,yes,ponA.WHO_F_00106,99.92,no,no,yes,rpsE.WHO_F_02123c,99.81,yes,yes,yes,rpsJ.WHO_F_02142c,100.0,no,no,no,NA,NA
examples/ariba_output/WHO_B_SRR27944628_ARIBA/report_complete.tsv,yes,16S.rDNA_WHO_F_01361c,99.87,no,NA,no,NA,yes_nonunique,23S.rDNA_WHO_F_01358c,99.9,no,NA,no,NA,no,NA,no,NA,no,NA,no,NA,NA,yes,gyrA.WHO_F_00668c,99.82,no,no,no,no,no,no,no,yes,gyrB.WHO_F_02057,99.87,interrupted,mtrC.PW,99.68,yes,mtrD.WHO_F_01562c,99.91,yes,parC.WHO_F_01444,99.7,no,no,no,no,no,no,no,no,no,no,yes_nonunique,penA.1.002,100.0,no,no,no,no,no,no,no,no,interrupted,penA100partial.001,99.67,no,yes,ponA.WHO_F_00106,99.96,no,no,yes,rpsE.WHO_F_02123c,100.0,no,no,yes,rpsJ.WHO_F_02142c,100.0,no,no,no,NA,NA
examples/ariba_output/WHO_C_SRR27944606_ARIBA/report_complete.tsv,yes,16S.rDNA_WHO_F_01361c,99.93,no,NA,no,NA,yes,23S.rDNA_WHO_F_01358c,99.9,no,NA,no,NA,no,NA,no,NA,no,NA,no,NA,NA,yes,gyrA.WHO_F_00668c,100.0,no,no,no,no,no,no,no,yes,gyrB.WHO_F_02057,99.87,yes,mtrC.PW,99.76,yes,mtrD.WHO_F_01562c,99.88,yes,parC.WHO_F_01444,99.7,no,no,no,no,no,no,no,no,no,no,yes,penA.156.001,100.0,yes,no,no,no,yes,no,no,no,interrupted,penA100partial.001,99.45,yes,yes,ponA.WHO_F_00106,99.92,no,no,yes,rpsE.WHO_F_02123c,100.0,no,no,yes,rpsJ.WHO_F_02142c,99.68,yes,yes,no,NA,NA
examples/ariba_output/WHO_D_SRR27944595_ARIBA/report_complete.tsv,yes,16S.rDNA_WHO_F_01361c,99.93,no,NA,no,NA,yes,23S.rDNA_WHO_F_01358c,99.93,no,NA,no,NA,no,NA,no,NA,no,NA,no,NA,NA,yes,gyrA.WHO_F_00668c,100.0,no,no,no,no,no,no,no,yes,gyrB.WHO_F_02057,99.92,yes,mtrC.PW,99.92,yes,mtrD.WHO_F_01562c,99.84,yes,parC.WHO_F_01444,99.83,no,no,no,no,no,no,no,no,no,no,yes,penA.12.001,100.0,no,no,no,no,no,no,no,no,interrupted,penA100partial.001,99.56,yes,yes,ponA.WHO_F_00106,99.92,yes,yes,yes,rpsE.WHO_F_02123c,100.0,no,no,yes,rpsJ.WHO_F_02142c,99.68,yes,yes,no,NA,NA
examples/ariba_output/WHO_E_SRR27944586_ARIBA/report_complete.tsv,yes,16S.rDNA_WHO_F_01361c,99.93,no,NA,no,NA,yes_nonunique,23S.rDNA_WHO_F_01358c,99.9,no,NA,no,NA,no,NA,no,NA,no,NA,yes,blaTEM.WHO_M_pConjugative_00003,100.0,yes_nonunique,gyrA.WHO_F_00668c,100.0,no,no,no,no,no,no,no,yes,gyrB.WHO_F_02057,99.92,yes,mtrC.PW,99.76,yes,mtrD.WHO_F_01562c,99.91,yes,parC.WHO_F_01444,99.74,no,no,no,no,no,no,no,no,no,no,yes,penA.22.001,100.0,no,no,no,no,no,no,no,no,interrupted,penA100partial.001,99.56,yes,yes,ponA.WHO_F_00106,99.92,yes,yes,yes,rpsE.WHO_F_02123c,100.0,no,no,yes,rpsJ.WHO_F_02142c,99.68,yes,yes,no,NA,NA
examples/ariba_output/WHO_F_SRR27944585_ARIBA/report_complete.tsv,yes,16S.rDNA_WHO_F_01361c,100.0,no,NA,no,NA,yes_nonunique,23S.rDNA_WHO_F_01358c,99.93,no,NA,no,NA,no,NA,no,NA,no,NA,no,NA,NA,yes,gyrA.WHO_F_00668c,100.0,no,no,no,no,no,no,no,yes,gyrB.WHO_F_02057,100.0,yes,mtrC.PW,100.0,yes,mtrD.WHO_F_01562c,100.0,yes,parC.WHO_F_01444,100.0,no,no,no,no,no,no,no,no,no,no,yes,penA.15.001,100.0,no,no,no,no,no,no,no,no,interrupted,penA100partial.001,100.0,no,yes,ponA.WHO_F_00106,100.0,no,no,yes,rpsE.WHO_F_02123c,100.0,no,no,yes,rpsJ.WHO_F_02142c,100.0,no,no,no,NA,NA
examples/ariba_output/WHO_G_SRR27944584_ARIBA/report_complete.tsv,yes,16S.rDNA_WHO_F_01361c,99.93,no,NA,no,NA,yes,23S.rDNA_WHO_F_01358c,99.93,no,NA,no,NA,no,NA,no,NA,no,NA,no,NA,NA,yes,gyrA.WHO_F_00668c,99.96,yes,no,no,no,no,no,yes,yes,gyrB.WHO_F_02057,99.92,yes,mtrC.PW,99.92,yes,mtrD.WHO_F_01562c,99.88,yes,parC.WHO_F_01444,99.65,no,no,no,no,no,no,no,no,no,no,yes,penA.2.001,100.0,no,no,no,no,no,no,no,no,interrupted,penA100partial.001,99.56,yes,yes,ponA.WHO_F_00106,99.92,yes,yes,yes,rpsE.WHO_F_02123c,100.0,no,no,yes,rpsJ.WHO_F_02142c,99.68,yes,yes,yes,tetM.WHO_G_pTetM_00047,100.0
examples/ariba_output/WHO_H_SRR27944583_ARIBA/report_complete.tsv,yes_nonunique,16S.rDNA_WHO_F_01361c,99.93,no,NA,no,NA,yes,23S.rDNA_WHO_F_01358c,99.93,no,NA,no,NA,no,NA,no,NA,no,NA,no,NA,NA,yes,gyrA.WHO_F_00668c,99.78,yes,no,yes,no,yes,no,yes,yes,gyrB.WHO_F_02057,99.92,yes,mtrC.PW,99.84,yes,mtrD.WHO_F_01562c,99.91,yes,parC.WHO_F_01444,99.48,no,no,no,yes,no,no,no,no,no,yes,yes,penA.34.009,100.0,no,no,yes,no,no,no,no,yes,no,NA,NA,NA,yes,ponA.WHO_F_00106,99.92,yes,yes,yes,rpsE.WHO_F_02123c,99.81,no,no,yes,rpsJ.WHO_F_02142c,99.68,yes,yes,no,NA,NA
examples/ariba_output/WHO_I_SRR27944638_ARIBA/report_complete.tsv,yes,16S.rDNA_WHO_F_01361c,99.93,no,NA,no,NA,yes,23S.rDNA_WHO_F_01358c,99.9,no,NA,no,NA,no,NA,no,NA,no,NA,no,NA,NA,yes,gyrA.WHO_F_00668c,99.96,yes,no,no,no,no,no,yes,yes,gyrB.WHO_F_02057,99.87,yes,mtrC.PW,99.92,yes,mtrD.WHO_F_01562c,99.81,yes,parC.WHO_F_01444,99.65,no,no,no,no,no,no,no,no,no,no,yes,penA.12.001,100.0,no,no,no,no,no,no,no,no,interrupted,penA100partial.001,99.56,yes,yes,ponA.WHO_F_00106,99.92,yes,yes,yes,rpsE.WHO_F_02123c,100.0,no,no,yes,rpsJ.WHO_F_02142c,99.68,yes,yes,no,NA,NA
examples/ariba_output/WHO_J_SRR27944637_ARIBA/report_complete.tsv,yes,16S.rDNA_WHO_F_01361c,100.0,no,NA,no,NA,yes,23S.rDNA_WHO_F_01358c,99.9,no,NA,no,NA,no,NA,no,NA,no,NA,yes,blaTEM.WHO_M_pConjugative_00003,100.0,yes,gyrA.WHO_F_00668c,99.93,yes,no,yes,no,yes,no,yes,yes,gyrB.WHO_F_02057,99.87,yes,mtrC.PW,99.84,yes,mtrD.WHO_F_01562c,99.91,yes,parC.WHO_F_01444,99.78,yes,no,no,no,no,yes,no,no,no,no,yes,penA.2.002,100.0,no,no,no,no,no,no,no,no,interrupted,penA100partial.001,99.56,yes,yes,ponA.WHO_F_00106,99.92,yes,yes,yes,rpsE.WHO_F_02123c,100.0,no,no,yes,rpsJ.WHO_F_02142c,99.68,yes,yes,no,NA,NA
examples/ariba_output/WHO_K_SRR27944636_ARIBA/report_complete.tsv,yes_nonunique,16S.rDNA_WHO_F_01361c,99.93,no,NA,no,NA,yes,23S.rDNA_WHO_F_01358c,99.9,no,NA,no,NA,no,NA,no,NA,no,NA,partial,blaTEM.WHO_M_pConjugative_00003,99.4,yes,gyrA.WHO_F_00668c,99.93,yes,no,no,yes,no,yes,yes,yes,gyrB.WHO_F_02057,99.87,yes,mtrC.PW,99.84,yes,mtrD.WHO_F_01562c,99.91,yes,parC.WHO_F_01444,99.57,no,no,no,yes,no,no,no,no,no,yes,yes,penA.10.006,100.0,no,no,yes,no,no,no,no,yes,no,NA,NA,NA,yes,ponA.WHO_F_00106,99.92,yes,yes,yes,rpsE.WHO_F_02123c,100.0,no,no,yes,rpsJ.WHO_F_02142c,99.68,yes,yes,no,NA,NA
examples/ariba_output/WHO_L_SRR27944635_ARIBA/report_complete.tsv,yes_nonunique,16S.rDNA_WHO_F_01361c,99.8,no,NA,no,NA,yes,23S.rDNA_WHO_F_01358c,99.9,no,NA,no,NA,no,NA,no,NA,no,NA,no,NA,NA,yes,gyrA.WHO_F_00668c,99.93,yes,no,no,yes,no,yes,yes,yes,gyrB.WHO_F_02057,99.83,yes,mtrC.PW,99.92,yes,mtrD.WHO_F_01562c,99.81,yes,parC.WHO_F_01444,99.57,yes,no,no,no,no,yes,no,no,no,no,yes,penA.7.001,100.0,no,no,no,no,no,no,no,no,interrupted,penA100partial.001,99.56,yes,yes,ponA.WHO_F_00106,99.92,yes,yes,yes,rpsE.WHO_F_02123c,100.0,no,no,yes,rpsJ.WHO_F_02142c,99.68,yes,yes,no,NA,NA
examples/ariba_output/WHO_M_SRR27944634_ARIBA/report_complete.tsv,yes,16S.rDNA_WHO_F_01361c,100.0,no,NA,no,NA,yes_nonunique,23S.rDNA_WHO_F_01358c,99.93,no,NA,no,NA,no,NA,no,NA,no,NA,yes,blaTEM.WHO_M_pConjugative_00003,100.0,yes,gyrA.WHO_F_00668c,99.93,yes,no,yes,no,yes,no,yes,yes,gyrB.WHO_F_02057,99.83,yes,mtrC.PW,99.84,yes,mtrD.WHO_F_01562c,99.91,yes,parC.WHO_F_01444,99.83,no,no,no,no,no,no,no,no,no,no,yes,penA.2.001,100.0,no,no,no,no,no,no,no,no,interrupted,penA100partial.001,99.56,yes,yes,ponA.WHO_F_00106,99.92,yes,yes,yes,rpsE.WHO_F_02123c,100.0,no,no,yes,rpsJ.WHO_F_02142c,99.68,yes,yes,no,NA,NA
examples/ariba_output/WHO_N_SRR27944633_ARIBA/report_complete.tsv,yes,16S.rDNA_WHO_F_01361c,99.93,no,NA,no,NA,yes,23S.rDNA_WHO_F_01358c,99.93,no,NA,no,NA,no,NA,no,NA,no,NA,yes_nonunique,blaTEM.WHO_M_pConjugative_00003,100.0,yes,gyrA.WHO_F_00668c,99.93,yes,no,yes,no,yes,no,yes,yes,gyrB.WHO_F_02057,99.87,yes_nonunique,mtrC.PW,100.0,yes,mtrD.WHO_F_01562c,99.84,yes,parC.WHO_F_01444,99.61,no,yes,no,no,no,no,no,yes,no,no,yes,penA.2.001,100.0,no,no,no,no,no,no,no,no,interrupted,penA100partial.001,99.56,yes,yes,ponA.WHO_F_00106,99.92,yes,yes,yes,rpsE.WHO_F_02123c,100.0,no,no,yes,rpsJ.WHO_F_02142c,99.68,yes,yes,yes,tetM.WHO_G_pTetM_00047,100.0
examples/ariba_output/WHO_O_SRR27944632_ARIBA/report_complete.tsv,yes,16S.rDNA_WHO_F_01361c,99.87,yes,100.0,yes,100.0,yes,23S.rDNA_WHO_F_01358c,99.9,no,NA,no,NA,no,NA,no,NA,no,NA,yes,blaTEM.WHO_M_pConjugative_00003,100.0,yes,gyrA.WHO_F_00668c,100.0,no,no,no,no,no,no,no,yes,gyrB.WHO_F_02057,99.87,yes,mtrC.PW,99.84,yes,mtrD.WHO_F_01562c,99.84,yes,parC.WHO_F_01444,99.91,no,no,no,no,no,no,no,no,no,no,yes,penA.12.001,100.0,no,no,no,no,no,no,no,no,interrupted,penA100partial.001,99.56,yes,yes,ponA.WHO_F_00106,99.92,yes,yes,yes,rpsE.WHO_F_02123c,100.0,no,no,yes,rpsJ.WHO_F_02142c,99.68,yes,yes,no,NA,NA
examples/ariba_output/WHO_P_SRR27944631_ARIBA/report_complete.tsv,yes,16S.rDNA_WHO_F_01361c,100.0,no,NA,no,NA,yes,23S.rDNA_WHO_F_01358c,99.9,no,NA,no,NA,no,NA,no,NA,no,NA,no,NA,NA,yes,gyrA.WHO_F_00668c,99.85,no,no,no,no,no,no,no,yes,gyrB.WHO_F_02057,99.92,yes,mtrC.PW,95.08,yes,mtrD.mosaic_1,100.0,yes,parC.WHO_F_01444,99.52,no,no,no,no,no,no,no,no,no,no,yes,penA.2.001,100.0,no,no,no,no,no,no,no,no,interrupted,penA100partial.001,99.56,yes,yes,ponA.WHO_F_00106,99.96,no,no,yes,rpsE.WHO_F_02123c,100.0,no,no,yes,rpsJ.WHO_F_02142c,99.68,yes,yes,no,NA,NA
examples/ariba_output/WHO_Q_SRR27944630_ARIBA/report_complete.tsv,yes_nonunique,16S.rDNA_WHO_F_01361c,100.0,no,NA,no,NA,yes_nonunique,23S.rDNA_WHO_F_01358c,99.86,yes,99.9,no,NA,yes,99.9,no,NA,no,NA,no,NA,NA,yes,gyrA.WHO_F_00668c,99.93,yes,no,no,no,no,no,yes,yes,gyrB.WHO_F_02057,99.83,yes,mtrC.PW,99.68,yes,mtrD.WHO_F_01562c,99.88,yes,parC.WHO_F_01444,99.57,no,no,no,yes,no,no,no,no,no,yes,yes,penA.60.001,100.0,yes,no,yes,no,yes,no,no,yes,partial,penA100partial.001,91.62,no,yes,ponA.WHO_F_00106,99.92,yes,yes,yes,rpsE.WHO_F_02123c,100.0,no,no,yes,rpsJ.WHO_F_02142c,99.68,yes,yes,yes,tetM.WHO_G_pTetM_00047,100.0
examples/ariba_output/WHO_R_SRR27944629_ARIBA/report_complete.tsv,yes,16S.rDNA_WHO_F_01361c,100.0,no,NA,no,NA,yes,23S.rDNA_WHO_F_01358c,99.86,no,NA,no,NA,no,NA,no,NA,no,NA,yes,blaTEM.WHO_M_pConjugative_00003,99.88,yes,gyrA.WHO_F_00668c,99.93,yes,no,no,no,no,no,yes,yes,gyrB.WHO_F_02057,99.87,yes,mtrC.PW,99.84,yes,mtrD.WHO_F_01562c,99.88,yes,parC.WHO_F_01444,99.52,no,no,no,yes,no,no,no,no,no,yes,yes,penA.60.001,100.0,yes,no,yes,no,yes,no,no,yes,partial,penA100partial.001,96.47,no,yes,ponA.WHO_F_00106,99.92,yes,yes,yes,rpsE.WHO_F_02123c,100.0,no,no,yes,rpsJ.WHO_F_02142c,99.68,yes,yes,no,NA,NA
examples/ariba_output/WHO_S2_SRR27944626_ARIBA/report_complete.tsv,yes,16S.rDNA_WHO_F_01361c,100.0,no,NA,no,NA,yes,23S.rDNA_WHO_F_01358c,99.9,no,NA,no,NA,no,NA,no,NA,no,NA,no,NA,NA,yes,gyrA.WHO_F_00668c,99.82,no,no,no,no,no,no,no,yes,gyrB.WHO_F_02057,99.92,yes,mtrC.PW,94.84,yes,mtrD.mosaic_2,100.0,yes,parC.WHO_F_01444,99.52,no,no,no,no,no,no,no,no,no,no,yes,penA.2.001,100.0,no,no,no,no,no,no,no,no,interrupted,penA100partial.001,99.56,yes,yes,ponA.WHO_F_00106,99.96,no,no,yes,rpsE.WHO_F_02123c,100.0,no,no,yes,rpsJ.WHO_F_02142c,99.68,yes,yes,no,NA,NA
examples/ariba_output/WHO_S_SRR27944627_ARIBA/report_complete.tsv,yes_nonunique,16S.rDNA_WHO_F_01361c,99.93,no,NA,no,NA,yes_nonunique,23S.rDNA_WHO_F_01358c,99.9,no,NA,het,28.2,no,NA,het,28.2,no,NA,no,NA,NA,yes,gyrA.WHO_F_00668c,99.78,no,no,no,no,no,no,no,yes,gyrB.WHO_F_02057,99.79,yes,mtrC.PW,95.0,interrupted,mtrD.mosaic_2,94.39,yes,parC.WHO_F_01444,99.7,no,no,no,no,no,no,no,no,no,no,yes,penA.15.001,100.0,no,no,no,no,no,no,no,no,interrupted,penA100partial.001,100.0,no,yes,ponA.WHO_F_00106,99.96,no,no,yes,rpsE.WHO_F_02123c,100.0,no,no,yes,rpsJ.WHO_F_02142c,100.0,no,no,no,NA,NA
examples/ariba_output/WHO_T_SRR27944625_ARIBA/report_complete.tsv,yes_nonunique,16S.rDNA_WHO_F_01361c,99.87,no,NA,no,NA,yes,23S.rDNA_WHO_F_01358c,99.93,no,NA,no,NA,no,NA,no,NA,no,NA,no,NA,NA,yes,gyrA.WHO_F_00668c,99.89,no,no,no,no,no,no,no,yes,gyrB.WHO_F_02057,99.92,yes,mtrC.PW,99.84,yes,mtrD.WHO_F_01562c,99.88,yes,parC.WHO_F_01444,99.83,no,no,no,no,no,no,no,no,no,no,yes,penA.9.001,100.0,no,no,no,no,no,no,no,no,interrupted,penA100partial.001,99.56,yes,yes,ponA.WHO_F_00106,99.92,yes,yes,yes,rpsE.WHO_F_02123c,100.0,no,no,yes,rpsJ.WHO_F_02142c,99.68,yes,yes,no,NA,NA
examples/ariba_output/WHO_U_SRR27944624_ARIBA/report_complete.tsv,yes,16S.rDNA_WHO_F_01361c,99.93,no,NA,no,NA,yes,23S.rDNA_WHO_F_01358c,99.9,no,NA,yes,100.0,no,NA,no,NA,yes,100.0,no,NA,NA,yes,gyrA.WHO_F_00668c,100.0,no,no,no,no,no,no,no,yes,gyrB.WHO_F_02057,99.87,yes,mtrC.PW,99.92,yes,mtrD.WHO_F_01562c,99.94,yes,parC.WHO_F_01444,99.83,no,no,no,no,no,no,no,no,no,no,yes,penA.2.001,100.0,no,no,no,no,no,no,no,no,interrupted,penA100partial.001,99.56,yes,yes,ponA.WHO_F_00106,99.92,yes,yes,yes,rpsE.WHO_F_02123c,100.0,no,no,yes,rpsJ.WHO_F_02142c,99.68,yes,yes,no,NA,NA
examples/ariba_output/WHO_V_SRR27944623_ARIBA/report_complete.tsv,yes_nonunique,16S.rDNA_WHO_F_01361c,100.0,no,NA,no,NA,yes,23S.rDNA_WHO_F_01358c,99.86,yes,100.0,no,NA,yes,100.0,no,NA,no,NA,yes,blaTEM.WHO_M_pConjugative_00003,99.88,yes,gyrA.WHO_F_00668c,99.78,yes,no,yes,no,yes,no,yes,yes,gyrB.WHO_F_02057,99.87,yes,mtrC.PW,99.84,yes,mtrD.WHO_F_01562c,99.91,yes,parC.WHO_F_01444,99.52,no,no,no,yes,no,no,no,no,no,yes,yes,penA.5.002,100.0,no,no,no,no,no,no,no,no,interrupted,penA100partial.001,99.56,yes,yes,ponA.WHO_F_00106,99.92,yes,yes,yes,rpsE.WHO_F_02123c,99.81,no,no,yes,rpsJ.WHO_F_02142c,99.68,yes,yes,no,NA,NA
examples/ariba_output/WHO_W_SRR27944622_ARIBA/report_complete.tsv,yes_nonunique,16S.rDNA_WHO_F_01361c,100.0,no,NA,no,NA,yes,23S.rDNA_WHO_F_01358c,99.86,no,NA,no,NA,no,NA,no,NA,no,NA,partial,blaTEM.WHO_M_pConjugative_00003,100.0,yes,gyrA.WHO_F_00668c,99.93,yes,no,no,yes,no,yes,yes,yes,gyrB.WHO_F_02057,99.87,yes,mtrC.PW,99.84,yes,mtrD.WHO_F_01562c,99.91,yes,parC.WHO_F_01444,99.57,no,no,no,yes,no,no,no,no,no,yes,yes,penA.10.006,100.0,no,no,yes,no,no,no,no,yes,no,NA,NA,NA,yes,ponA.WHO_F_00106,99.87,yes,yes,yes,rpsE.WHO_F_02123c,100.0,no,no,yes,rpsJ.WHO_F_02142c,99.68,yes,yes,partial,tetM.WHO_G_pTetM_00047,99.79
examples/ariba_output/WHO_X_SRR27944621_ARIBA/report_complete.tsv,yes,16S.rDNA_WHO_F_01361c,100.0,no,NA,no,NA,yes,23S.rDNA_WHO_F_01358c,99.9,no,NA,no,NA,no,NA,no,NA,no,NA,partial,blaTEM.WHO_M_pConjugative_00003,100.0,yes,gyrA.WHO_F_00668c,99.93,yes,no,no,yes,no,yes,yes,yes,gyrB.WHO_F_02057,99.87,yes,mtrC.PW,99.84,yes,mtrD.WHO_F_01562c,99.91,yes,parC.WHO_F_01444,99.57,no,no,no,yes,no,no,no,no,no,yes,yes,penA.37.001,100.0,yes,yes,no,no,yes,no,yes,no,no,NA,NA,NA,yes,ponA.WHO_F_00106,99.92,yes,yes,yes,rpsE.WHO_F_02123c,100.0,no,no,yes,rpsJ.WHO_F_02142c,99.68,yes,yes,no,NA,NA
examples/ariba_output/WHO_Y_SRR27944620_ARIBA/report_complete.tsv,yes,16S.rDNA_WHO_F_01361c,100.0,no,NA,no,NA,yes,23S.rDNA_WHO_F_01358c,99.9,no,NA,no,NA,no,NA,no,NA,no,NA,fragmented,blaTEM.WHO_M_pConjugative_00003,100.0,yes,gyrA.WHO_F_00668c,99.78,yes,no,yes,no,yes,no,yes,yes,gyrB.WHO_F_02057,99.87,yes,mtrC.PW,99.84,yes,mtrD.WHO_F_01562c,99.91,yes,parC.WHO_F_01444,99.48,no,no,no,yes,no,no,no,no,no,yes,yes,penA.42.001,100.0,no,no,yes,yes,no,yes,no,yes,interrupted,penA100partial.001,99.56,yes,yes,ponA.WHO_F_00106,99.92,yes,yes,yes,rpsE.WHO_F_02123c,99.81,no,no,yes,rpsJ.WHO_F_02142c,99.68,yes,yes,fragmented,tetM.WHO_G_pTetM_00047,96.18
examples/ariba_output/WHO_Z_SRR27944619_ARIBA/report_complete.tsv,yes,16S.rDNA_WHO_F_01361c,100.0,no,NA,no,NA,yes,23S.rDNA_WHO_F_01358c,99.9,no,NA,no,NA,no,NA,no,NA,no,NA,no,NA,NA,yes,gyrA.WHO_F_00668c,99.93,yes,no,no,yes,no,yes,yes,yes,gyrB.WHO_F_02057,99.87,yes,mtrC.PW,99.84,yes,mtrD.WHO_F_01562c,99.88,yes,parC.WHO_F_01444,99.57,no,no,no,yes,no,no,no,no,no,yes,yes,penA.64.001,100.0,yes,no,yes,no,yes,no,no,yes,no,NA,NA,NA,yes,ponA.WHO_F_00106,99.92,yes,yes,yes,rpsE.WHO_F_02123c,100.0,no,no,yes,rpsJ.WHO_F_02142c,99.68,yes,yes,no,NA,NA
examples/ariba_output/WHO_alpha_SRR27944639_ARIBA/report_complete.tsv,yes,16S.rDNA_WHO_F_01361c,99.93,no,NA,no,NA,yes_nonunique,23S.rDNA_WHO_F_01358c,99.97,no,NA,no,NA,no,NA,no,NA,no,NA,no,NA,NA,yes,gyrA.WHO_F_00668c,99.78,yes,no,no,yes,no,yes,yes,yes,gyrB.WHO_F_02057,99.92,yes,mtrC.PW,99.84,yes,mtrD.WHO_F_01562c,99.84,yes,parC.WHO_F_01444,99.35,no,yes,no,no,no,no,no,yes,no,no,yes,penA.18.001,100.0,no,no,no,no,no,no,no,no,interrupted,penA100partial.001,99.56,yes,yes,ponA.WHO_F_00106,99.92,yes,yes,yes,rpsE.WHO_F_02123c,100.0,no,no,yes,rpsJ.WHO_F_02142c,99.68,yes,yes,no,NA,NA
examples/ariba_output/WHO_beta_SRR27944617_ARIBA/report_complete.tsv,yes_nonunique,16S.rDNA_WHO_F_01361c,99.93,no,NA,no,NA,yes,23S.rDNA_WHO_F_01358c,99.93,no,NA,no,NA,no,NA,no,NA,no,NA,yes,blaTEM.WHO_M_pConjugative_00003,100.0,yes,gyrA.WHO_F_00668c,99.93,yes,no,no,no,no,no,yes,yes,gyrB.WHO_F_02057,99.92,yes,mtrC.PW,99.84,yes,mtrD.WHO_F_01562c,99.88,yes,parC.WHO_F_01444,99.65,no,no,yes,no,yes,no,yes,no,yes,no,yes,penA.19.001,100.0,no,no,no,no,no,no,no,no,interrupted,penA100partial.001,99.56,yes,yes,ponA.WHO_F_00106,99.92,yes,yes,yes,rpsE.WHO_F_02123c,100.0,no,no,yes,rpsJ.WHO_F_02142c,99.68,yes,yes,yes,tetM.WHO_G_pTetM_00047,96.3
