#ariba_ref_name	ref_name	gene	var_only	flag	reads	cluster	ref_len	ref_base_assembled	pc_ident	ctg	ctg_len	ctg_cov	known_var	var_type	var_seq_type	known_var_change	has_known_var	ref_ctg_change	ref_ctg_effect	ref_start	ref_end	ref_nt	ctg_start	ctg_end	ctg_nt	smtls_total_depth	smtls_nts	smtls_nts_depth	var_description	free_text
16S.rDNA_WHO_F_01361c	16S.rDNA_WHO_F_01361c	0	1	19	12450	16S	1529	1529	100.0	16S.l15.c4.ctg.1	2160	572.0	1	SNP	n	C1184T	0	.	.	1184	1184	C	1424	1424	C	710	C	696	16S.rDNA_WHO_F_01361c:0:1:C1184T:16S.1184T:E coli C1192T. Resistance to Spectinomycin	.
23S.rDNA_WHO_F_01358c	23S.rDNA_WHO_F_01358c	0	1	531	22980	23S	2890	2890	99.9	23S.l15.c4.ctg.1	3598	636.2	0	.	n	.	0	T695C	SNP	695	695	T	1057	1057	C	737	C	725	.	.
23S.rDNA_WHO_F_01358c	23S.rDNA_WHO_F_01358c	0	1	531	22980	23S	2890	2890	99.9	23S.l15.c4.ctg.1	3598	636.2	0	.	n	.	0	G1337A	SNP	1337	1337	G	1699	1699	A	764	A	744	.	.
23S.rDNA_WHO_F_01358c	23S.rDNA_WHO_F_01358c	0	1	531	22980	23S	2890	2890	99.9	23S.l15.c4.ctg.1	3598	636.2	0	.	n	.	0	T1971C	SNP	1971	1971	T	2333	2333	C	742	C,A	724,3	.	.
23S.rDNA_WHO_F_01358c	23S.rDNA_WHO_F_01358c	0	1	531	22980	23S	2890	2890	99.9	23S.l15.c4.ctg.1	3598	636.2	1	SNP	n	A2045G	0	.	.	2045	2045	A	2407	2407	A	721	A,G	706,1	23S.rDNA_WHO_F_01358c:0:1:A2045G:23S.2045G:E coli A2059G. High-level resistance to Azithromycin	.
23S.rDNA_WHO_F_01358c	23S.rDNA_WHO_F_01358c	0	1	531	22980	23S	2890	2890	99.9	23S.l15.c4.ctg.1	3598	636.2	1	SNP	n	C2597T	0	.	.	2597	2597	C	2959	2959	C	703	C,T	689,1	23S.rDNA_WHO_F_01358c:0:1:C2597T:23S.2597T:E coli C2611T. Low-level resistance to Azithromycin	.
gyrA.WHO_F_00668c	gyrA.WHO_F_00668c	1	1	27	3890	gyrA	2751	2751	99.85	gyrA.l15.c4.ctg.1	3376	114.5	1	SNP	p	S91F	0	.	.	271	273	TCC	546	548	TCC	127;129;132	T;C;C	127;127;131	gyrA.WHO_F_00668c:1:1:S91F:gyrA.91F:Resistance to fluoroquinolones	.
gyrA.WHO_F_00668c	gyrA.WHO_F_00668c	1	1	27	3890	gyrA	2751	2751	99.85	gyrA.l15.c4.ctg.1	3376	114.5	1	SNP	p	S91Y	0	.	.	271	273	TCC	546	548	TCC	127;129;132	T;C;C	127;127;131	gyrA.WHO_F_00668c:1:1:S91Y:gyrA.91Y:Resistance to fluoroquinolones	.
gyrA.WHO_F_00668c	gyrA.WHO_F_00668c	1	1	27	3890	gyrA	2751	2751	99.85	gyrA.l15.c4.ctg.1	3376	114.5	1	SNP	p	S91T	0	.	.	271	273	TCC	546	548	TCC	127;129;132	T;C;C	127;127;131	gyrA.WHO_F_00668c:1:1:S91T:gyrA.91T:Resistance to fluoroquinolones	.
gyrA.WHO_F_00668c	gyrA.WHO_F_00668c	1	1	27	3890	gyrA	2751	2751	99.85	gyrA.l15.c4.ctg.1	3376	114.5	1	SNP	p	S91I	0	.	.	271	273	TCC	546	548	TCC	127;129;132	T;C;C	127;127;131	gyrA.WHO_F_00668c:1:1:S91I:gyrA.91I:Resistance to fluoroquinolones	.
gyrA.WHO_F_00668c	gyrA.WHO_F_00668c	1	1	27	3890	gyrA	2751	2751	99.85	gyrA.l15.c4.ctg.1	3376	114.5	1	SNP	p	D95N	0	.	.	283	285	GAC	558	560	GAC	133;134;133	G;A;C	132;133;133	gyrA.WHO_F_00668c:1:1:D95N:gyrA.95N:Resistance to fluoroquinolones	.
gyrA.WHO_F_00668c	gyrA.WHO_F_00668c	1	1	27	3890	gyrA	2751	2751	99.85	gyrA.l15.c4.ctg.1	3376	114.5	1	SNP	p	D95G	0	.	.	283	285	GAC	558	560	GAC	133;134;133	G;A;C	132;133;133	gyrA.WHO_F_00668c:1:1:D95G:gyrA.95G:Resistance to fluoroquinolones	.
gyrB.WHO_F_02057	gyrB.WHO_F_02057	1	1	539	4790	gyrB	2391	2391	99.92	gyrB.l6.c30.ctg.1	3030	157.3	0	.	p	.	0	V697A	NONSYN	2089	2091	GTC	2464	2466	GCC	187;186;186	G,A;C;C	184,1;184;183	.	.
gyrB.WHO_F_02057	gyrB.WHO_F_02057	1	1	539	4790	gyrB	2391	2391	99.92	gyrB.l6.c30.ctg.1	3030	157.3	0	.	p	.	0	T750A	NONSYN	2248	2250	ACC	2623	2625	GCC	187;186;183	G;C;C	185;183;180	.	.
gyrB.WHO_F_02057	gyrB.WHO_F_02057	1	1	539	4790	gyrB	2391	2391	99.92	gyrB.l6.c30.ctg.1	3030	157.3	1	SNP	p	D429V	0	.	.	1285	1287	GAC	1660	1662	GAC	171;173;174	G;A;C	169;166;170	gyrB.WHO_F_02057:1:1:D429V:gyrB.429V:Resistance to zoliflodacin	.
gyrB.WHO_F_02057	gyrB.WHO_F_02057	1	1	539	4790	gyrB	2391	2391	99.92	gyrB.l6.c30.ctg.1	3030	157.3	1	SNP	p	D429K	0	.	.	1285	1287	GAC	1660	1662	GAC	171;173;174	G;A;C	169;166;170	gyrB.WHO_F_02057:1:1:D429K:gyrB.429K:Resistance to zoliflodacin	.
gyrB.WHO_F_02057	gyrB.WHO_F_02057	1	1	539	4790	gyrB	2391	2391	99.92	gyrB.l6.c30.ctg.1	3030	157.3	1	SNP	p	D429N	0	.	.	1285	1287	GAC	1660	1662	GAC	171;173;174	G;A;C	169;166;170	gyrB.WHO_F_02057:1:1:D429N:gyrB.429N:Resistance to zoliflodacin	.
gyrB.WHO_F_02057	gyrB.WHO_F_02057	1	1	539	4790	gyrB	2391	2391	99.92	gyrB.l6.c30.ctg.1	3030	157.3	1	SNP	p	D429C	0	.	.	1285	1287	GAC	1660	1662	GAC	171;173;174	G;A;C	169;166;170	gyrB.WHO_F_02057:1:1:D429C:gyrB.429C:Resistance to zoliflodacin	.
gyrB.WHO_F_02057	gyrB.WHO_F_02057	1	1	539	4790	gyrB	2391	2391	99.92	gyrB.l6.c30.ctg.1	3030	157.3	1	SNP	p	D429P	0	.	.	1285	1287	GAC	1660	1662	GAC	171;173;174	G;A;C	169;166;170	gyrB.WHO_F_02057:1:1:D429P:gyrB.429P:Resistance to zoliflodacin	.
gyrB.WHO_F_02057	gyrB.WHO_F_02057	1	1	539	4790	gyrB	2391	2391	99.92	gyrB.l6.c30.ctg.1	3030	157.3	1	SNP	p	D429T	0	.	.	1285	1287	GAC	1660	1662	GAC	171;173;174	G;A;C	169;166;170	gyrB.WHO_F_02057:1:1:D429T:gyrB.429T:Resistance to zoliflodacin	.
gyrB.WHO_F_02057	gyrB.WHO_F_02057	1	1	539	4790	gyrB	2391	2391	99.92	gyrB.l6.c30.ctg.1	3030	157.3	1	SNP	p	D429S	0	.	.	1285	1287	GAC	1660	1662	GAC	171;173;174	G;A;C	169;166;170	gyrB.WHO_F_02057:1:1:D429S:gyrB.429S:Resistance to zoliflodacin	.
gyrB.WHO_F_02057	gyrB.WHO_F_02057	1	1	539	4790	gyrB	2391	2391	99.92	gyrB.l6.c30.ctg.1	3030	157.3	1	SNP	p	D429Y	0	.	.	1285	1287	GAC	1660	1662	GAC	171;173;174	G;A;C	169;166;170	gyrB.WHO_F_02057:1:1:D429Y:gyrB.429Y:Resistance to zoliflodacin	.
gyrB.WHO_F_02057	gyrB.WHO_F_02057	1	1	539	4790	gyrB	2391	2391	99.92	gyrB.l6.c30.ctg.1	3030	157.3	1	SNP	p	D429Q	0	.	.	1285	1287	GAC	1660	1662	GAC	171;173;174	G;A;C	169;166;170	gyrB.WHO_F_02057:1:1:D429Q:gyrB.429Q:Resistance to zoliflodacin	.
gyrB.WHO_F_02057	gyrB.WHO_F_02057	1	1	539	4790	gyrB	2391	2391	99.92	gyrB.l6.c30.ctg.1	3030	157.3	1	SNP	p	D429E	0	.	.	1285	1287	GAC	1660	1662	GAC	171;173;174	G;A;C	169;166;170	gyrB.WHO_F_02057:1:1:D429E:gyrB.429E:Resistance to zoliflodacin	.
gyrB.WHO_F_02057	gyrB.WHO_F_02057	1	1	539	4790	gyrB	2391	2391	99.92	gyrB.l6.c30.ctg.1	3030	157.3	1	SNP	p	D429I	0	.	.	1285	1287	GAC	1660	1662	GAC	171;173;174	G;A;C	169;166;170	gyrB.WHO_F_02057:1:1:D429I:gyrB.429I:Resistance to zoliflodacin	.
gyrB.WHO_F_02057	gyrB.WHO_F_02057	1	1	539	4790	gyrB	2391	2391	99.92	gyrB.l6.c30.ctg.1	3030	157.3	1	SNP	p	D429F	0	.	.	1285	1287	GAC	1660	1662	GAC	171;173;174	G;A;C	169;166;170	gyrB.WHO_F_02057:1:1:D429F:gyrB.429F:Resistance to zoliflodacin	.
gyrB.WHO_F_02057	gyrB.WHO_F_02057	1	1	539	4790	gyrB	2391	2391	99.92	gyrB.l6.c30.ctg.1	3030	157.3	1	SNP	p	D429H	0	.	.	1285	1287	GAC	1660	1662	GAC	171;173;174	G;A;C	169;166;170	gyrB.WHO_F_02057:1:1:D429H:gyrB.429H:Resistance to zoliflodacin	.
gyrB.WHO_F_02057	gyrB.WHO_F_02057	1	1	539	4790	gyrB	2391	2391	99.92	gyrB.l6.c30.ctg.1	3030	157.3	1	SNP	p	D429W	0	.	.	1285	1287	GAC	1660	1662	GAC	171;173;174	G;A;C	169;166;170	gyrB.WHO_F_02057:1:1:D429W:gyrB.429W:Resistance to zoliflodacin	.
gyrB.WHO_F_02057	gyrB.WHO_F_02057	1	1	539	4790	gyrB	2391	2391	99.92	gyrB.l6.c30.ctg.1	3030	157.3	1	SNP	p	D429R	0	.	.	1285	1287	GAC	1660	1662	GAC	171;173;174	G;A;C	169;166;170	gyrB.WHO_F_02057:1:1:D429R:gyrB.429R:Resistance to zoliflodacin	.
gyrB.WHO_F_02057	gyrB.WHO_F_02057	1	1	539	4790	gyrB	2391	2391	99.92	gyrB.l6.c30.ctg.1	3030	157.3	1	SNP	p	D429A	0	.	.	1285	1287	GAC	1660	1662	GAC	171;173;174	G;A;C	169;166;170	gyrB.WHO_F_02057:1:1:D429A:gyrB.429A:Resistance to zoliflodacin	.
gyrB.WHO_F_02057	gyrB.WHO_F_02057	1	1	539	4790	gyrB	2391	2391	99.92	gyrB.l6.c30.ctg.1	3030	157.3	1	SNP	p	D429L	0	.	.	1285	1287	GAC	1660	1662	GAC	171;173;174	G;A;C	169;166;170	gyrB.WHO_F_02057:1:1:D429L:gyrB.429L:Resistance to zoliflodacin	.
gyrB.WHO_F_02057	gyrB.WHO_F_02057	1	1	539	4790	gyrB	2391	2391	99.92	gyrB.l6.c30.ctg.1	3030	157.3	1	SNP	p	D429G	0	.	.	1285	1287	GAC	1660	1662	GAC	171;173;174	G;A;C	169;166;170	gyrB.WHO_F_02057:1:1:D429G:gyrB.429G:Resistance to zoliflodacin	.
gyrB.WHO_F_02057	gyrB.WHO_F_02057	1	1	539	4790	gyrB	2391	2391	99.92	gyrB.l6.c30.ctg.1	3030	157.3	1	SNP	p	D429M	0	.	.	1285	1287	GAC	1660	1662	GAC	171;173;174	G;A;C	169;166;170	gyrB.WHO_F_02057:1:1:D429M:gyrB.429M:Resistance to zoliflodacin	.
gyrB.WHO_F_02057	gyrB.WHO_F_02057	1	1	539	4790	gyrB	2391	2391	99.92	gyrB.l6.c30.ctg.1	3030	157.3	1	SNP	p	K450C	0	.	.	1348	1350	AAA	1723	1725	AAA	181;181;182	A;A;A,T	177;179;180,1	gyrB.WHO_F_02057:1:1:K450C:gyrB.450C:Resistance to zoliflodacin	.
gyrB.WHO_F_02057	gyrB.WHO_F_02057	1	1	539	4790	gyrB	2391	2391	99.92	gyrB.l6.c30.ctg.1	3030	157.3	1	SNP	p	K450H	0	.	.	1348	1350	AAA	1723	1725	AAA	181;181;182	A;A;A,T	177;179;180,1	gyrB.WHO_F_02057:1:1:K450H:gyrB.450H:Resistance to zoliflodacin	.
gyrB.WHO_F_02057	gyrB.WHO_F_02057	1	1	539	4790	gyrB	2391	2391	99.92	gyrB.l6.c30.ctg.1	3030	157.3	1	SNP	p	K450N	0	.	.	1348	1350	AAA	1723	1725	AAA	181;181;182	A;A;A,T	177;179;180,1	gyrB.WHO_F_02057:1:1:K450N:gyrB.450N:Resistance to zoliflodacin	.
gyrB.WHO_F_02057	gyrB.WHO_F_02057	1	1	539	4790	gyrB	2391	2391	99.92	gyrB.l6.c30.ctg.1	3030	157.3	1	SNP	p	K450Q	0	.	.	1348	1350	AAA	1723	1725	AAA	181;181;182	A;A;A,T	177;179;180,1	gyrB.WHO_F_02057:1:1:K450Q:gyrB.450Q:Resistance to zoliflodacin	.
gyrB.WHO_F_02057	gyrB.WHO_F_02057	1	1	539	4790	gyrB	2391	2391	99.92	gyrB.l6.c30.ctg.1	3030	157.3	1	SNP	p	K450I	0	.	.	1348	1350	AAA	1723	1725	AAA	181;181;182	A;A;A,T	177;179;180,1	gyrB.WHO_F_02057:1:1:K450I:gyrB.450I:Resistance to zoliflodacin	.
gyrB.WHO_F_02057	gyrB.WHO_F_02057	1	1	539	4790	gyrB	2391	2391	99.92	gyrB.l6.c30.ctg.1	3030	157.3	1	SNP	p	K450A	0	.	.	1348	1350	AAA	1723	1725	AAA	181;181;182	A;A;A,T	177;179;180,1	gyrB.WHO_F_02057:1:1:K450A:gyrB.450A:Resistance to zoliflodacin	.
gyrB.WHO_F_02057	gyrB.WHO_F_02057	1	1	539	4790	gyrB	2391	2391	99.92	gyrB.l6.c30.ctg.1	3030	157.3	1	SNP	p	K450S	0	.	.	1348	1350	AAA	1723	1725	AAA	181;181;182	A;A;A,T	177;179;180,1	gyrB.WHO_F_02057:1:1:K450S:gyrB.450S:Resistance to zoliflodacin	.
gyrB.WHO_F_02057	gyrB.WHO_F_02057	1	1	539	4790	gyrB	2391	2391	99.92	gyrB.l6.c30.ctg.1	3030	157.3	1	SNP	p	K450T	0	.	.	1348	1350	AAA	1723	1725	AAA	181;181;182	A;A;A,T	177;179;180,1	gyrB.WHO_F_02057:1:1:K450T:gyrB.450T:Resistance to zoliflodacin	.
gyrB.WHO_F_02057	gyrB.WHO_F_02057	1	1	539	4790	gyrB	2391	2391	99.92	gyrB.l6.c30.ctg.1	3030	157.3	1	SNP	p	K450L	0	.	.	1348	1350	AAA	1723	1725	AAA	181;181;182	A;A;A,T	177;179;180,1	gyrB.WHO_F_02057:1:1:K450L:gyrB.450L:Resistance to zoliflodacin	.
gyrB.WHO_F_02057	gyrB.WHO_F_02057	1	1	539	4790	gyrB	2391	2391	99.92	gyrB.l6.c30.ctg.1	3030	157.3	1	SNP	p	K450E	0	.	.	1348	1350	AAA	1723	1725	AAA	181;181;182	A;A;A,T	177;179;180,1	gyrB.WHO_F_02057:1:1:K450E:gyrB.450E:Resistance to zoliflodacin	.
gyrB.WHO_F_02057	gyrB.WHO_F_02057	1	1	539	4790	gyrB	2391	2391	99.92	gyrB.l6.c30.ctg.1	3030	157.3	1	SNP	p	K450R	0	.	.	1348	1350	AAA	1723	1725	AAA	181;181;182	A;A;A,T	177;179;180,1	gyrB.WHO_F_02057:1:1:K450R:gyrB.450R:Resistance to zoliflodacin	.
gyrB.WHO_F_02057	gyrB.WHO_F_02057	1	1	539	4790	gyrB	2391	2391	99.92	gyrB.l6.c30.ctg.1	3030	157.3	1	SNP	p	K450P	0	.	.	1348	1350	AAA	1723	1725	AAA	181;181;182	A;A;A,T	177;179;180,1	gyrB.WHO_F_02057:1:1:K450P:gyrB.450P:Resistance to zoliflodacin	.
gyrB.WHO_F_02057	gyrB.WHO_F_02057	1	1	539	4790	gyrB	2391	2391	99.92	gyrB.l6.c30.ctg.1	3030	157.3	1	SNP	p	K450V	0	.	.	1348	1350	AAA	1723	1725	AAA	181;181;182	A;A;A,T	177;179;180,1	gyrB.WHO_F_02057:1:1:K450V:gyrB.450V:Resistance to zoliflodacin	.
gyrB.WHO_F_02057	gyrB.WHO_F_02057	1	1	539	4790	gyrB	2391	2391	99.92	gyrB.l6.c30.ctg.1	3030	157.3	1	SNP	p	K450D	0	.	.	1348	1350	AAA	1723	1725	AAA	181;181;182	A;A;A,T	177;179;180,1	gyrB.WHO_F_02057:1:1:K450D:gyrB.450D:Resistance to zoliflodacin	.
gyrB.WHO_F_02057	gyrB.WHO_F_02057	1	1	539	4790	gyrB	2391	2391	99.92	gyrB.l6.c30.ctg.1	3030	157.3	1	SNP	p	K450W	0	.	.	1348	1350	AAA	1723	1725	AAA	181;181;182	A;A;A,T	177;179;180,1	gyrB.WHO_F_02057:1:1:K450W:gyrB.450W:Resistance to zoliflodacin	.
gyrB.WHO_F_02057	gyrB.WHO_F_02057	1	1	539	4790	gyrB	2391	2391	99.92	gyrB.l6.c30.ctg.1	3030	157.3	1	SNP	p	K450M	0	.	.	1348	1350	AAA	1723	1725	AAA	181;181;182	A;A;A,T	177;179;180,1	gyrB.WHO_F_02057:1:1:K450M:gyrB.450M:Resistance to zoliflodacin	.
gyrB.WHO_F_02057	gyrB.WHO_F_02057	1	1	539	4790	gyrB	2391	2391	99.92	gyrB.l6.c30.ctg.1	3030	157.3	1	SNP	p	K450Y	0	.	.	1348	1350	AAA	1723	1725	AAA	181;181;182	A;A;A,T	177;179;180,1	gyrB.WHO_F_02057:1:1:K450Y:gyrB.450Y:Resistance to zoliflodacin	.
gyrB.WHO_F_02057	gyrB.WHO_F_02057	1	1	539	4790	gyrB	2391	2391	99.92	gyrB.l6.c30.ctg.1	3030	157.3	1	SNP	p	K450G	0	.	.	1348	1350	AAA	1723	1725	AAA	181;181;182	A;A;A,T	177;179;180,1	gyrB.WHO_F_02057:1:1:K450G:gyrB.450G:Resistance to zoliflodacin	.
gyrB.WHO_F_02057	gyrB.WHO_F_02057	1	1	539	4790	gyrB	2391	2391	99.92	gyrB.l6.c30.ctg.1	3030	157.3	1	SNP	p	K450F	0	.	.	1348	1350	AAA	1723	1725	AAA	181;181;182	A;A;A,T	177;179;180,1	gyrB.WHO_F_02057:1:1:K450F:gyrB.450F:Resistance to zoliflodacin	.
mtrC.PW	mtrC.PW	1	0	539	1374	mtrC	1239	1239	95.08	mtrC.l15.c4.ctg.1	1763	77.9	0	.	p	.	0	S6F	NONSYN	16	18	TCT	294	296	TTT	77;78;77	T;T,C;T	76;76,1;75	.	Loss-of-function can increase susceptibility to azithromycin.
mtrC.PW	mtrC.PW	1	0	539	1374	mtrC	1239	1239	95.08	mtrC.l15.c4.ctg.1	1763	77.9	0	.	p	.	0	A21V	NONSYN	61	63	GCA	339	341	GTA	96;96;96	G;T,C;A	95;90,1;94	.	Loss-of-function can increase susceptibility to azithromycin.
mtrC.PW	mtrC.PW	1	0	539	1374	mtrC	1239	1239	95.08	mtrC.l15.c4.ctg.1	1763	77.9	0	.	p	.	0	S141A	NONSYN	421	423	TCC	699	701	GCC	95;93;94	G;C;C	95;93;93	.	Loss-of-function can increase susceptibility to azithromycin.
mtrC.PW	mtrC.PW	1	0	539	1374	mtrC	1239	1239	95.08	mtrC.l15.c4.ctg.1	1763	77.9	0	.	p	.	0	D143E	NONSYN	427	429	GAT	705	707	GAA	95;96;98	G;A;A	94;96;97	.	Loss-of-function can increase susceptibility to azithromycin.
mtrC.PW	mtrC.PW	1	0	539	1374	mtrC	1239	1239	95.08	mtrC.l15.c4.ctg.1	1763	77.9	0	.	p	.	0	I145V	NONSYN	433	435	ATC	711	713	GTC	99;99;94	G;T;C	99;98;94	.	Loss-of-function can increase susceptibility to azithromycin.
mtrC.PW	mtrC.PW	1	0	539	1374	mtrC	1239	1239	95.08	mtrC.l15.c4.ctg.1	1763	77.9	0	.	p	.	0	K147R	NONSYN	439	441	AAA	717	719	CGG	97;96;98	C;G;G	97;96;98	.	Loss-of-function can increase susceptibility to azithromycin.
mtrC.PW	mtrC.PW	1	0	539	1374	mtrC	1239	1239	95.08	mtrC.l15.c4.ctg.1	1763	77.9	0	.	p	.	0	A248V	NONSYN	742	744	GCG	1020	1022	GTG	124;122;120	G;T;G	122;115;119	.	Loss-of-function can increase susceptibility to azithromycin.
mtrC.PW	mtrC.PW	1	0	539	1374	mtrC	1239	1239	95.08	mtrC.l15.c4.ctg.1	1763	77.9	0	.	p	.	0	D275N	NONSYN	823	825	GAC	1101	1103	AAC	66;65;67	A;A;C	66;64;67	.	Loss-of-function can increase susceptibility to azithromycin.
mtrC.PW	mtrC.PW	1	0	539	1374	mtrC	1239	1239	95.08	mtrC.l15.c4.ctg.1	1763	77.9	0	.	p	.	0	S288P	NONSYN	862	864	TCG	1140	1142	CCG	81;85;86	C;C;G	81;85;86	.	Loss-of-function can increase susceptibility to azithromycin.
mtrC.PW	mtrC.PW	1	0	539	1374	mtrC	1239	1239	95.08	mtrC.l15.c4.ctg.1	1763	77.9	0	.	p	.	0	A309V	NONSYN	925	927	GCG	1203	1205	GTG	98;98;98	G;T;G	97;96;98	.	Loss-of-function can increase susceptibility to azithromycin.
mtrC.PW	mtrC.PW	1	0	539	1374	mtrC	1239	1239	95.08	mtrC.l15.c4.ctg.1	1763	77.9	0	.	p	.	0	M374I	NONSYN	1120	1122	ATG	1398	1400	ATA	73;72;73	A;T;A	71;70;72	.	Loss-of-function can increase susceptibility to azithromycin.
mtrC.PW	mtrC.PW	1	0	539	1374	mtrC	1239	1239	95.08	mtrC.l15.c4.ctg.1	1763	77.9	0	.	p	.	0	G398D	NONSYN	1192	1194	GGC	1470	1472	GAC	51;52;52	G;A;C	51;52;52	.	Loss-of-function can increase susceptibility to azithromycin.
mtrC.PW	mtrC.PW	1	0	539	1374	mtrC	1239	1239	95.08	mtrC.l15.c4.ctg.1	1763	77.9	0	.	p	.	0	P407T	NONSYN	1219	1221	CCT	1497	1499	ACT	48;46;45	A;C;T	46;46;45	.	Loss-of-function can increase susceptibility to azithromycin.
mtrC.PW	mtrC.PW	1	0	539	1374	mtrC	1239	1239	95.08	mtrC.l15.c4.ctg.1	1763	77.9	0	.	p	.	0	K412E	NONSYN	1234	1236	AAA	1512	1514	GAA	37;38;38	G;A;A	36;38;38	.	Loss-of-function can increase susceptibility to azithromycin.
mtrD.mosaic_1	mtrD.mosaic_1	1	0	27	5302	mtrD	3204	3204	100.0	mtrD.l15.c4.ctg.1	3965	133.2	.	.	.	.	.	.	.	.	.	.	.	.	.	.	.	.	.	Increased MIC to azithromycin
parC.WHO_F_01444	parC.WHO_F_01444	1	1	539	3978	parC	2304	2304	99.52	parC.l15.c4.ctg.1	2973	133.3	0	.	p	.	0	F479L	NONSYN	1435	1437	TTT	1755	1757	CTT	150;150;149	C;T;T	148;148;148	.	.
parC.WHO_F_01444	parC.WHO_F_01444	1	1	539	3978	parC	2304	2304	99.52	parC.l15.c4.ctg.1	2973	133.3	1	SNP	p	D86N	0	.	.	256	258	GAC	576	578	GAC	150;153;153	G;A;C	147;144;149	parC.WHO_F_01444:1:1:D86N:parC.86N:Resistance to fluoroquinolones	.
parC.WHO_F_01444	parC.WHO_F_01444	1	1	539	3978	parC	2304	2304	99.52	parC.l15.c4.ctg.1	2973	133.3	1	SNP	p	S87A	0	.	.	259	261	AGT	579	581	AGT	153;151;153	A;G;T	151;147;151	parC.WHO_F_01444:1:1:S87A:parC.87A:Resistance to fluoroquinolones	.
parC.WHO_F_01444	parC.WHO_F_01444	1	1	539	3978	parC	2304	2304	99.52	parC.l15.c4.ctg.1	2973	133.3	1	SNP	p	S87R	0	.	.	259	261	AGT	579	581	AGT	153;151;153	A;G;T	151;147;151	parC.WHO_F_01444:1:1:S87R:parC.87R:Resistance to fluoroquinolones	.
parC.WHO_F_01444	parC.WHO_F_01444	1	1	539	3978	parC	2304	2304	99.52	parC.l15.c4.ctg.1	2973	133.3	1	SNP	p	S87W	0	.	.	259	261	AGT	579	581	AGT	153;151;153	A;G;T	151;147;151	parC.WHO_F_01444:1:1:S87W:parC.87W:Resistance to fluoroquinolones	.
parC.WHO_F_01444	parC.WHO_F_01444	1	1	539	3978	parC	2304	2304	99.52	parC.l15.c4.ctg.1	2973	133.3	1	SNP	p	S87N	0	.	.	259	261	AGT	579	581	AGT	153;151;153	A;G;T	151;147;151	parC.WHO_F_01444:1:1:S87N:parC.87N:Resistance to fluoroquinolones	.
parC.WHO_F_01444	parC.WHO_F_01444	1	1	539	3978	parC	2304	2304	99.52	parC.l15.c4.ctg.1	2973	133.3	1	SNP	p	S87I	0	.	.	259	261	AGT	579	581	AGT	153;151;153	A;G;T	151;147;151	parC.WHO_F_01444:1:1:S87I:parC.87I:Resistance to fluoroquinolones	.
parC.WHO_F_01444	parC.WHO_F_01444	1	1	539	3978	parC	2304	2304	99.52	parC.l15.c4.ctg.1	2973	133.3	1	SNP	p	E91K	0	.	.	271	273	GAG	591	593	GAG	151;150;151	G;A;G	148;147;150	parC.WHO_F_01444:1:1:E91K:parC.91K:Resistance to fluoroquinolones	.
penA.2.001	penA.2.001	1	1	27	2944	penA	1749	1749	100.0	penA.l6.c30.ctg.1	2495	117.3	1	SNP	p	A311R	0	.	.	931	933	GCA	1343	1345	GCA	185;184;182	G,A;C;A	181,1;181;179	penA.2.001:1:1:A311R:penA.311R:Decreased susceptibility to Extended-Spectrum Cephalosporins (ESCs)	.
penA.2.001	penA.2.001	1	1	27	2944	penA	1749	1749	100.0	penA.l6.c30.ctg.1	2495	117.3	1	SNP	p	A311L	0	.	.	931	933	GCA	1343	1345	GCA	185;184;182	G,A;C;A	181,1;181;179	penA.2.001:1:1:A311L:penA.311L:Decreased susceptibility to Extended-Spectrum Cephalosporins (ESCs)	.
penA.2.001	penA.2.001	1	1	27	2944	penA	1749	1749	100.0	penA.l6.c30.ctg.1	2495	117.3	1	SNP	p	A311E	0	.	.	931	933	GCA	1343	1345	GCA	185;184;182	G,A;C;A	181,1;181;179	penA.2.001:1:1:A311E:penA.311E:Decreased susceptibility to Extended-Spectrum Cephalosporins (ESCs)	.
penA.2.001	penA.2.001	1	1	27	2944	penA	1749	1749	100.0	penA.l6.c30.ctg.1	2495	117.3	1	SNP	p	A311F	0	.	.	931	933	GCA	1343	1345	GCA	185;184;182	G,A;C;A	181,1;181;179	penA.2.001:1:1:A311F:penA.311F:Decreased susceptibility to Extended-Spectrum Cephalosporins (ESCs)	.
penA.2.001	penA.2.001	1	1	27	2944	penA	1749	1749	100.0	penA.l6.c30.ctg.1	2495	117.3	1	SNP	p	A311P	0	.	.	931	933	GCA	1343	1345	GCA	185;184;182	G,A;C;A	181,1;181;179	penA.2.001:1:1:A311P:penA.311P:Decreased susceptibility to Extended-Spectrum Cephalosporins (ESCs)	.
penA.2.001	penA.2.001	1	1	27	2944	penA	1749	1749	100.0	penA.l6.c30.ctg.1	2495	117.3	1	SNP	p	A311D	0	.	.	931	933	GCA	1343	1345	GCA	185;184;182	G,A;C;A	181,1;181;179	penA.2.001:1:1:A311D:penA.311D:Decreased susceptibility to Extended-Spectrum Cephalosporins (ESCs)	.
penA.2.001	penA.2.001	1	1	27	2944	penA	1749	1749	100.0	penA.l6.c30.ctg.1	2495	117.3	1	SNP	p	A311G	0	.	.	931	933	GCA	1343	1345	GCA	185;184;182	G,A;C;A	181,1;181;179	penA.2.001:1:1:A311G:penA.311G:Decreased susceptibility to Extended-Spectrum Cephalosporins (ESCs)	.
penA.2.001	penA.2.001	1	1	27	2944	penA	1749	1749	100.0	penA.l6.c30.ctg.1	2495	117.3	1	SNP	p	A311Y	0	.	.	931	933	GCA	1343	1345	GCA	185;184;182	G,A;C;A	181,1;181;179	penA.2.001:1:1:A311Y:penA.311Y:Decreased susceptibility to Extended-Spectrum Cephalosporins (ESCs)	.
penA.2.001	penA.2.001	1	1	27	2944	penA	1749	1749	100.0	penA.l6.c30.ctg.1	2495	117.3	1	SNP	p	A311Q	0	.	.	931	933	GCA	1343	1345	GCA	185;184;182	G,A;C;A	181,1;181;179	penA.2.001:1:1:A311Q:penA.311Q:Decreased susceptibility to Extended-Spectrum Cephalosporins (ESCs)	.
penA.2.001	penA.2.001	1	1	27	2944	penA	1749	1749	100.0	penA.l6.c30.ctg.1	2495	117.3	1	SNP	p	A311M	0	.	.	931	933	GCA	1343	1345	GCA	185;184;182	G,A;C;A	181,1;181;179	penA.2.001:1:1:A311M:penA.311M:Decreased susceptibility to Extended-Spectrum Cephalosporins (ESCs)	.
penA.2.001	penA.2.001	1	1	27	2944	penA	1749	1749	100.0	penA.l6.c30.ctg.1	2495	117.3	1	SNP	p	A311K	0	.	.	931	933	GCA	1343	1345	GCA	185;184;182	G,A;C;A	181,1;181;179	penA.2.001:1:1:A311K:penA.311K:Decreased susceptibility to Extended-Spectrum Cephalosporins (ESCs)	.
penA.2.001	penA.2.001	1	1	27	2944	penA	1749	1749	100.0	penA.l6.c30.ctg.1	2495	117.3	1	SNP	p	A311W	0	.	.	931	933	GCA	1343	1345	GCA	185;184;182	G,A;C;A	181,1;181;179	penA.2.001:1:1:A311W:penA.311W:Decreased susceptibility to Extended-Spectrum Cephalosporins (ESCs)	.
penA.2.001	penA.2.001	1	1	27	2944	penA	1749	1749	100.0	penA.l6.c30.ctg.1	2495	117.3	1	SNP	p	A311I	0	.	.	931	933	GCA	1343	1345	GCA	185;184;182	G,A;C;A	181,1;181;179	penA.2.001:1:1:A311I:penA.311I:Decreased susceptibility to Extended-Spectrum Cephalosporins (ESCs)	.
penA.2.001	penA.2.001	1	1	27	2944	penA	1749	1749	100.0	penA.l6.c30.ctg.1	2495	117.3	1	SNP	p	A311N	0	.	.	931	933	GCA	1343	1345	GCA	185;184;182	G,A;C;A	181,1;181;179	penA.2.001:1:1:A311N:penA.311N:Decreased susceptibility to Extended-Spectrum Cephalosporins (ESCs)	.
penA.2.001	penA.2.001	1	1	27	2944	penA	1749	1749	100.0	penA.l6.c30.ctg.1	2495	117.3	1	SNP	p	A311C	0	.	.	931	933	GCA	1343	1345	GCA	185;184;182	G,A;C;A	181,1;181;179	penA.2.001:1:1:A311C:penA.311C:Decreased susceptibility to Extended-Spectrum Cephalosporins (ESCs)	.
penA.2.001	penA.2.001	1	1	27	2944	penA	1749	1749	100.0	penA.l6.c30.ctg.1	2495	117.3	1	SNP	p	A311S	0	.	.	931	933	GCA	1343	1345	GCA	185;184;182	G,A;C;A	181,1;181;179	penA.2.001:1:1:A311S:penA.311S:Decreased susceptibility to Extended-Spectrum Cephalosporins (ESCs)	.
penA.2.001	penA.2.001	1	1	27	2944	penA	1749	1749	100.0	penA.l6.c30.ctg.1	2495	117.3	1	SNP	p	A311T	0	.	.	931	933	GCA	1343	1345	GCA	185;184;182	G,A;C;A	181,1;181;179	penA.2.001:1:1:A311T:penA.311T:Decreased susceptibility to Extended-Spectrum Cephalosporins (ESCs)	.
penA.2.001	penA.2.001	1	1	27	2944	penA	1749	1749	100.0	penA.l6.c30.ctg.1	2495	117.3	1	SNP	p	A311H	0	.	.	931	933	GCA	1343	1345	GCA	185;184;182	G,A;C;A	181,1;181;179	penA.2.001:1:1:A311H:penA.311H:Decreased susceptibility to Extended-Spectrum Cephalosporins (ESCs)	.
penA.2.001	penA.2.001	1	1	27	2944	penA	1749	1749	100.0	penA.l6.c30.ctg.1	2495	117.3	1	SNP	p	A311V	0	.	.	931	933	GCA	1343	1345	GCA	185;184;182	G,A;C;A	181,1;181;179	penA.2.001:1:1:A311V:penA.311V:Decreased susceptibility to Extended-Spectrum Cephalosporins (ESCs)	.
penA.2.001	penA.2.001	1	1	27	2944	penA	1749	1749	100.0	penA.l6.c30.ctg.1	2495	117.3	1	SNP	p	V316F	0	.	.	946	948	GTG	1358	1360	GTG	178;178;179	G;T;G	176;176;177	penA.2.001:1:1:V316F:penA.316F:Decreased susceptibility to Extended-Spectrum Cephalosporins (ESCs)	.
penA.2.001	penA.2.001	1	1	27	2944	penA	1749	1749	100.0	penA.l6.c30.ctg.1	2495	117.3	1	SNP	p	V316W	0	.	.	946	948	GTG	1358	1360	GTG	178;178;179	G;T;G	176;176;177	penA.2.001:1:1:V316W:penA.316W:Decreased susceptibility to Extended-Spectrum Cephalosporins (ESCs)	.
penA.2.001	penA.2.001	1	1	27	2944	penA	1749	1749	100.0	penA.l6.c30.ctg.1	2495	117.3	1	SNP	p	V316P	0	.	.	946	948	GTG	1358	1360	GTG	178;178;179	G;T;G	176;176;177	penA.2.001:1:1:V316P:penA.316P:Decreased susceptibility to Extended-Spectrum Cephalosporins (ESCs)	.
penA.2.001	penA.2.001	1	1	27	2944	penA	1749	1749	100.0	penA.l6.c30.ctg.1	2495	117.3	1	SNP	p	V316Q	0	.	.	946	948	GTG	1358	1360	GTG	178;178;179	G;T;G	176;176;177	penA.2.001:1:1:V316Q:penA.316Q:Decreased susceptibility to Extended-Spectrum Cephalosporins (ESCs)	.
penA.2.001	penA.2.001	1	1	27	2944	penA	1749	1749	100.0	penA.l6.c30.ctg.1	2495	117.3	1	SNP	p	V316G	0	.	.	946	948	GTG	1358	1360	GTG	178;178;179	G;T;G	176;176;177	penA.2.001:1:1:V316G:penA.316G:Decreased susceptibility to Extended-Spectrum Cephalosporins (ESCs)	.
penA.2.001	penA.2.001	1	1	27	2944	penA	1749	1749	100.0	penA.l6.c30.ctg.1	2495	117.3	1	SNP	p	V316I	0	.	.	946	948	GTG	1358	1360	GTG	178;178;179	G;T;G	176;176;177	penA.2.001:1:1:V316I:penA.316I:Decreased susceptibility to Extended-Spectrum Cephalosporins (ESCs)	.
penA.2.001	penA.2.001	1	1	27	2944	penA	1749	1749	100.0	penA.l6.c30.ctg.1	2495	117.3	1	SNP	p	V316E	0	.	.	946	948	GTG	1358	1360	GTG	178;178;179	G;T;G	176;176;177	penA.2.001:1:1:V316E:penA.316E:Decreased susceptibility to Extended-Spectrum Cephalosporins (ESCs)	.
penA.2.001	penA.2.001	1	1	27	2944	penA	1749	1749	100.0	penA.l6.c30.ctg.1	2495	117.3	1	SNP	p	V316H	0	.	.	946	948	GTG	1358	1360	GTG	178;178;179	G;T;G	176;176;177	penA.2.001:1:1:V316H:penA.316H:Decreased susceptibility to Extended-Spectrum Cephalosporins (ESCs)	.
penA.2.001	penA.2.001	1	1	27	2944	penA	1749	1749	100.0	penA.l6.c30.ctg.1	2495	117.3	1	SNP	p	V316S	0	.	.	946	948	GTG	1358	1360	GTG	178;178;179	G;T;G	176;176;177	penA.2.001:1:1:V316S:penA.316S:Decreased susceptibility to Extended-Spectrum Cephalosporins (ESCs)	.
penA.2.001	penA.2.001	1	1	27	2944	penA	1749	1749	100.0	penA.l6.c30.ctg.1	2495	117.3	1	SNP	p	V316K	0	.	.	946	948	GTG	1358	1360	GTG	178;178;179	G;T;G	176;176;177	penA.2.001:1:1:V316K:penA.316K:Decreased susceptibility to Extended-Spectrum Cephalosporins (ESCs)	.
penA.2.001	penA.2.001	1	1	27	2944	penA	1749	1749	100.0	penA.l6.c30.ctg.1	2495	117.3	1	SNP	p	V316R	0	.	.	946	948	GTG	1358	1360	GTG	178;178;179	G;T;G	176;176;177	penA.2.001:1:1:V316R:penA.316R:Decreased susceptibility to Extended-Spectrum Cephalosporins (ESCs)	.
penA.2.001	penA.2.001	1	1	27	2944	penA	1749	1749	100.0	penA.l6.c30.ctg.1	2495	117.3	1	SNP	p	V316L	0	.	.	946	948	GTG	1358	1360	GTG	178;178;179	G;T;G	176;176;177	penA.2.001:1:1:V316L:penA.316L:Decreased susceptibility to Extended-Spectrum Cephalosporins (ESCs)	.
penA.2.001	penA.2.001	1	1	27	2944	penA	1749	1749	100.0	penA.l6.c30.ctg.1	2495	117.3	1	SNP	p	V316A	0	.	.	946	948	GTG	1358	1360	GTG	178;178;179	G;T;G	176;176;177	penA.2.001:1:1:V316A:penA.316A:Decreased susceptibility to Extended-Spectrum Cephalosporins (ESCs)	.
penA.2.001	penA.2.001	1	1	27	2944	penA	1749	1749	100.0	penA.l6.c30.ctg.1	2495	117.3	1	SNP	p	V316D	0	.	.	946	948	GTG	1358	1360	GTG	178;178;179	G;T;G	176;176;177	penA.2.001:1:1:V316D:penA.316D:Decreased susceptibility to Extended-Spectrum Cephalosporins (ESCs)	.
penA.2.001	penA.2.001	1	1	27	2944	penA	1749	1749	100.0	penA.l6.c30.ctg.1	2495	117.3	1	SNP	p	V316Y	0	.	.	946	948	GTG	1358	1360	GTG	178;178;179	G;T;G	176;176;177	penA.2.001:1:1:V316Y:penA.316Y:Decreased susceptibility to Extended-Spectrum Cephalosporins (ESCs)	.
penA.2.001	penA.2.001	1	1	27	2944	penA	1749	1749	100.0	penA.l6.c30.ctg.1	2495	117.3	1	SNP	p	V316M	0	.	.	946	948	GTG	1358	1360	GTG	178;178;179	G;T;G	176;176;177	penA.2.001:1:1:V316M:penA.316M:Decreased susceptibility to Extended-Spectrum Cephalosporins (ESCs)	.
penA.2.001	penA.2.001	1	1	27	2944	penA	1749	1749	100.0	penA.l6.c30.ctg.1	2495	117.3	1	SNP	p	V316N	0	.	.	946	948	GTG	1358	1360	GTG	178;178;179	G;T;G	176;176;177	penA.2.001:1:1:V316N:penA.316N:Decreased susceptibility to Extended-Spectrum Cephalosporins (ESCs)	.
penA.2.001	penA.2.001	1	1	27	2944	penA	1749	1749	100.0	penA.l6.c30.ctg.1	2495	117.3	1	SNP	p	V316C	0	.	.	946	948	GTG	1358	1360	GTG	178;178;179	G;T;G	176;176;177	penA.2.001:1:1:V316C:penA.316C:Decreased susceptibility to Extended-Spectrum Cephalosporins (ESCs)	.
penA.2.001	penA.2.001	1	1	27	2944	penA	1749	1749	100.0	penA.l6.c30.ctg.1	2495	117.3	1	SNP	p	V316T	0	.	.	946	948	GTG	1358	1360	GTG	178;178;179	G;T;G	176;176;177	penA.2.001:1:1:V316T:penA.316T:Decreased susceptibility to Extended-Spectrum Cephalosporins (ESCs)	.
penA.2.001	penA.2.001	1	1	27	2944	penA	1749	1749	100.0	penA.l6.c30.ctg.1	2495	117.3	1	SNP	p	A502P	0	.	.	1504	1506	GCG	1916	1918	GCG	148;147;146	G;C,G;G	146;133,3;141	penA.2.001:1:1:A502P:penA.501P:Decreased susceptibility to Extended-Spectrum Cephalosporins (ESCs)	.
penA100partial.001	penA100partial.001	1	0	531	1610	penA100partial	903	898	99.56	penA100partial.l6.c30.ctg.1	1537	104.3	1	SNP	p	D147_T148insT	1	D147_T148insT	INS	439	439	G	802	802	A	188	A	180	.	Partial wild type sequence to detect the penA.ins345D mutation
ponA.WHO_F_00106	ponA.WHO_F_00106	1	1	27	4612	ponA	2397	2397	99.96	ponA.l6.c17.ctg.1	3136	146.5	1	SNP	p	L421P	0	.	.	1261	1263	CTG	1658	1660	CTG	148;149;147	C;T;G	144;144;143	ponA.WHO_F_00106:1:1:L421P:ponA.421P:High-level chromosomally-mediated penicillin resistance	.
rpsE.WHO_F_02123c	rpsE.WHO_F_02123c	1	1	27	1458	rpsE	519	519	100.0	rpsE.l6.c30.ctg.1	1182	122.5	1	SNP	p	T24P	0	.	.	70	72	ACC	394	396	ACC	230;229;227	A;C;C	225;225;220	rpsE.WHO_F_02123c:1:1:T24P:rpsE.24P:E coli T24P. Disrupts the binding of spectinomycin to the ribosomal target	.
rpsJ.WHO_F_02142c	rpsJ.WHO_F_02142c	1	1	539	890	rpsJ	312	312	99.68	rpsJ.l15.c17.ctg.1	1077	82.3	1	SNP	p	V57M	1	V57M	NONSYN	169	171	GTG	560	562	ATG	166;168;171	A;T;G	163;164;166	rpsJ.WHO_F_02142c:1:1:V57M:rpsJ.57M:Chromosomally-mediated resistance to tetracyclines	.
