isolate	treatment recommendation	ceftriaxone_NWT	ceftriaxone_WT	azithromycin_NWT	azithromycin_WT	ciprofloxacin_NWT	ciprofloxacin_WT	tetracycline_NWT	tetracycline_WT	penicillin_NWT	penicillin_WT	zoliflodacin_NWT	zoliflodacin_WT
WHO_A_SRR27944640	ceftriaxone,azithromycin,ciprofloxacin,tetracycline,penicillin,zoliflodacin		penA.A311_WT/penA.A501_WT/penA.V316_WT		23S.A2059_WT/23S.C2611_WT/mtrC.WT/mtrD.WT		gyrA.D95_WT/gyrA.S91_WT/parC.D86_WT/parC.E91_WT/parC.S87_WT		rpsJ.V57_WT/tetM.not_present		blaTEM.not_present/penA.insD345_WT/ponA.L421_WT		gyrB.D429_WT/gyrB.K450_WT
WHO_B_SRR27944628	ceftriaxone,azithromycin,ciprofloxacin,tetracycline,penicillin,zoliflodacin		penA.A311_WT/penA.A501_WT/penA.V316_WT	mtrC.disrupted	23S.A2059_WT/23S.C2611_WT/mtrD.WT		gyrA.D95_WT/gyrA.S91_WT/parC.D86_WT/parC.E91_WT/parC.S87_WT		rpsJ.V57_WT/tetM.not_present		blaTEM.not_present/penA.insD345_WT/ponA.L421_WT		gyrB.D429_WT/gyrB.K450_WT
WHO_C_SRR27944606	ceftriaxone,azithromycin,ciprofloxacin,zoliflodacin	penA.A311V	penA.A501_WT/penA.V316_WT		23S.A2059_WT/23S.C2611_WT/mtrC.WT/mtrD.WT		gyrA.D95_WT/gyrA.S91_WT/parC.D86_WT/parC.E91_WT/parC.S87_WT	rpsJ.V57M	tetM.not_present	penA.insD345	blaTEM.not_present/ponA.L421_WT		gyrB.D429_WT/gyrB.K450_WT
WHO_D_SRR27944595	ceftriaxone,azithromycin,ciprofloxacin,zoliflodacin		penA.A311_WT/penA.A501_WT/penA.V316_WT		23S.A2059_WT/23S.C2611_WT/mtrC.WT/mtrD.WT		gyrA.D95_WT/gyrA.S91_WT/parC.D86_WT/parC.E91_WT/parC.S87_WT	rpsJ.V57M	tetM.not_present	penA.insD345/ponA.L421P	blaTEM.not_present		gyrB.D429_WT/gyrB.K450_WT
WHO_E_SRR27944586	ceftriaxone,azithromycin,ciprofloxacin,zoliflodacin		penA.A311_WT/penA.A501_WT/penA.V316_WT		23S.A2059_WT/23S.C2611_WT/mtrC.WT/mtrD.WT		gyrA.D95_WT/gyrA.S91_WT/parC.D86_WT/parC.E91_WT/parC.S87_WT	rpsJ.V57M	tetM.not_present	blaTEM/penA.insD345/ponA.L421P			gyrB.D429_WT/gyrB.K450_WT
WHO_H_SRR27944583	ceftriaxone,azithromycin,zoliflodacin	penA.34.009/penA.V316T	penA.A311_WT/penA.A501_WT		23S.A2059_WT/23S.C2611_WT/mtrC.WT/mtrD.WT	gyrA.D95G/gyrA.S91F/parC.S87R	parC.D86_WT/parC.E91_WT	rpsJ.V57M	tetM.not_present	penA.34.009/ponA.L421P	blaTEM.not_present/penA.insD345_WT		gyrB.D429_WT/gyrB.K450_WT
WHO_I_SRR27944638	ceftriaxone,azithromycin,zoliflodacin		penA.A311_WT/penA.A501_WT/penA.V316_WT		23S.A2059_WT/23S.C2611_WT/mtrC.WT/mtrD.WT	gyrA.S91F	gyrA.D95_WT/parC.D86_WT/parC.E91_WT/parC.S87_WT	rpsJ.V57M	tetM.not_present	penA.insD345/ponA.L421P	blaTEM.not_present		gyrB.D429_WT/gyrB.K450_WT
WHO_J_SRR27944637	ceftriaxone,azithromycin,zoliflodacin		penA.A311_WT/penA.A501_WT/penA.V316_WT		23S.A2059_WT/23S.C2611_WT/mtrC.WT/mtrD.WT	gyrA.D95G/gyrA.S91F/parC.D86N	parC.E91_WT/parC.S87_WT	rpsJ.V57M	tetM.not_present	blaTEM/penA.insD345/ponA.L421P			gyrB.D429_WT/gyrB.K450_WT
WHO_Q_SRR27944630	(UND) zoliflodacin	penA.60.001/penA.A311V/penA.V316T	penA.A501_WT	23S.A2059G[99.9%]	23S.C2611_WT/mtrC.WT/mtrD.WT	gyrA.D95_A/gyrA.S91F/parC.S87R	parC.D86_WT/parC.E91_WT	rpsJ.V57M/tetM		penA.60.001/ponA.L421P	blaTEM.not_present/penA.insD345_WT		gyrB.D429_WT/gyrB.K450_WT
WHO_R_SRR27944629	azithromycin,zoliflodacin	penA.60.001/penA.A311V/penA.V316T	penA.A501_WT		23S.A2059_WT/23S.C2611_WT/mtrC.WT/mtrD.WT	gyrA.D95_A/gyrA.S91F/parC.S87R	parC.D86_WT/parC.E91_WT	rpsJ.V57M	tetM.not_present	blaTEM/penA.60.001/ponA.L421P	penA.insD345_WT		gyrB.D429_WT/gyrB.K450_WT
WHO_S_SRR27944627	ceftriaxone,azithromycin,zoliflodacin		penA.A311_WT/penA.A501_WT/penA.V316_WT		23S.A2059_WT/23S.C2611_WT/mtrC.WT/mtrD.WT	gyrA.D95N/gyrA.S91F/parC.S87I	parC.D86_WT/parC.E91_WT	rpsJ.V57M	tetM.not_present	penA.insD345/ponA.L421P	blaTEM.not_present		gyrB.D429_WT/gyrB.K450_WT
WHO_T_SRR27944625	ceftriaxone,azithromycin,ciprofloxacin,zoliflodacin		penA.A311_WT/penA.A501_WT/penA.V316_WT		23S.A2059_WT/23S.C2611_WT/mtrC.WT/mtrD.WT		gyrA.D95_WT/gyrA.S91_WT/parC.D86_WT/parC.E91_WT/parC.S87_WT	rpsJ.V57M	tetM.not_present	penA.insD345/ponA.L421P	blaTEM.not_present		gyrB.D429_WT/gyrB.K450_WT
WHO_alpha_SRR27944639	ceftriaxone,ciprofloxacin,tetracycline,penicillin,zoliflodacin		penA.A311_WT/penA.A501_WT/penA.V316_WT	23S.C2611T[99.9%]/mtrD.mosaic_2	23S.A2059_WT/mtrC.WT		gyrA.D95_WT/gyrA.S91_WT/parC.D86_WT/parC.E91_WT/parC.S87_WT		rpsJ.V57_WT/tetM.not_present		blaTEM.not_present/penA.insD345_WT/ponA.L421_WT		gyrB.D429_WT/gyrB.K450_WT
WHO_beta_SRR27944617	ceftriaxone,azithromycin,zoliflodacin		penA.A311_WT/penA.A501_WT/penA.V316_WT		23S.A2059_WT/23S.C2611_WT/mtrC.WT/mtrD.WT	gyrA.D95_A/gyrA.S91F/parC.E91K/parC.S87N	parC.D86_WT	rpsJ.V57M/tetM		blaTEM/penA.insD345/ponA.L421P			gyrB.D429_WT/gyrB.K450_WT
WHO_F_SRR27944585	ceftriaxone,azithromycin,ciprofloxacin,tetracycline,penicillin,zoliflodacin		penA.A311_WT/penA.A501_WT/penA.V316_WT		23S.A2059_WT/23S.C2611_WT/mtrC.WT/mtrD.WT		gyrA.D95_WT/gyrA.S91_WT/parC.D86_WT/parC.E91_WT/parC.S87_WT		rpsJ.V57_WT/tetM.not_present		blaTEM.not_present/penA.insD345_WT/ponA.L421_WT		gyrB.D429_WT/gyrB.K450_WT
WHO_G_SRR27944584	ceftriaxone,azithromycin,zoliflodacin		penA.A311_WT/penA.A501_WT/penA.V316_WT		23S.A2059_WT/23S.C2611_WT/mtrC.WT/mtrD.WT	gyrA.S91F	gyrA.D95_WT/parC.D86_WT/parC.E91_WT/parC.S87_WT	rpsJ.V57M/tetM		penA.insD345/ponA.L421P	blaTEM.not_present		gyrB.D429_WT/gyrB.K450_WT
WHO_K_SRR27944636	ceftriaxone,azithromycin,zoliflodacin	penA.10.006/penA.V316T	penA.A311_WT/penA.A501_WT		23S.A2059_WT/23S.C2611_WT/mtrC.WT/mtrD.WT	gyrA.D95N/gyrA.S91F/parC.S87R	parC.D86_WT/parC.E91_WT	rpsJ.V57M	tetM.not_present	penA.10.006/ponA.L421P	penA.insD345_WT		gyrB.D429_WT/gyrB.K450_WT
WHO_L_SRR27944635	ceftriaxone,azithromycin,zoliflodacin		penA.A311_WT/penA.A501_WT/penA.V316_WT		23S.A2059_WT/23S.C2611_WT/mtrC.WT/mtrD.WT	gyrA.D95N/gyrA.S91F/parC.D86N	parC.E91_WT/parC.S87_WT	rpsJ.V57M	tetM.not_present	penA.insD345/ponA.L421P	blaTEM.not_present		gyrB.D429_WT/gyrB.K450_WT
WHO_M_SRR27944634	ceftriaxone,azithromycin,zoliflodacin		penA.A311_WT/penA.A501_WT/penA.V316_WT		23S.A2059_WT/23S.C2611_WT/mtrC.WT/mtrD.WT	gyrA.D95G/gyrA.S91F	parC.D86_WT/parC.E91_WT/parC.S87_WT	rpsJ.V57M	tetM.not_present	blaTEM/penA.insD345/ponA.L421P			gyrB.D429_WT/gyrB.K450_WT
WHO_N_SRR27944633	ceftriaxone,azithromycin,zoliflodacin		penA.A311_WT/penA.A501_WT/penA.V316_WT		23S.A2059_WT/23S.C2611_WT/mtrC.WT/mtrD.WT	gyrA.D95G/gyrA.S91F/parC.S87I	parC.D86_WT/parC.E91_WT	rpsJ.V57M/tetM		blaTEM/penA.insD345/ponA.L421P			gyrB.D429_WT/gyrB.K450_WT
WHO_O_SRR27944632	ceftriaxone,azithromycin,ciprofloxacin,zoliflodacin		penA.A311_WT/penA.A501_WT/penA.V316_WT		23S.A2059_WT/23S.C2611_WT/mtrC.WT/mtrD.WT		gyrA.D95_WT/gyrA.S91_WT/parC.D86_WT/parC.E91_WT/parC.S87_WT	rpsJ.V57M	tetM.not_present	blaTEM/penA.insD345/ponA.L421P			gyrB.D429_WT/gyrB.K450_WT
WHO_P_SRR27944631	ceftriaxone,ciprofloxacin,zoliflodacin		penA.A311_WT/penA.A501_WT/penA.V316_WT	mtrD.mosaic_1	23S.A2059_WT/23S.C2611_WT/mtrC.WT		gyrA.D95_WT/gyrA.S91_WT/parC.D86_WT/parC.E91_WT/parC.S87_WT	rpsJ.V57M	tetM.not_present	penA.insD345	blaTEM.not_present/ponA.L421_WT		gyrB.D429_WT/gyrB.K450_WT
WHO_S2_SRR27944626	ceftriaxone,ciprofloxacin,zoliflodacin		penA.A311_WT/penA.A501_WT/penA.V316_WT	mtrD.mosaic_2	23S.A2059_WT/23S.C2611_WT/mtrC.WT		gyrA.D95_WT/gyrA.S91_WT/parC.D86_WT/parC.E91_WT/parC.S87_WT	rpsJ.V57M	tetM.not_present	penA.insD345	blaTEM.not_present/ponA.L421_WT		gyrB.D429_WT/gyrB.K450_WT
WHO_U_SRR27944624	ceftriaxone,ciprofloxacin,zoliflodacin		penA.A311_WT/penA.A501_WT/penA.V316_WT	23S.C2611T[99.9%]	23S.A2059_WT/mtrC.WT/mtrD.WT		gyrA.D95_WT/gyrA.S91_WT/parC.D86_WT/parC.E91_WT/parC.S87_WT	rpsJ.V57M	tetM.not_present	penA.insD345/ponA.L421P	blaTEM.not_present		gyrB.D429_WT/gyrB.K450_WT
WHO_V_SRR27944623	ceftriaxone,zoliflodacin		penA.A311_WT/penA.A501_WT/penA.V316_WT	23S.A2059G[99.9%]	23S.C2611_WT/mtrC.WT/mtrD.WT	gyrA.D95G/gyrA.S91F/parC.S87R	parC.D86_WT/parC.E91_WT	rpsJ.V57M	tetM.not_present	blaTEM/penA.insD345/ponA.L421P			gyrB.D429_WT/gyrB.K450_WT
WHO_W_SRR27944622	ceftriaxone,azithromycin,zoliflodacin	penA.10.006/penA.V316T	penA.A311_WT/penA.A501_WT		23S.A2059_WT/23S.C2611_WT/mtrC.WT/mtrD.WT	gyrA.D95N/gyrA.S91F/parC.S87R	parC.D86_WT/parC.E91_WT	rpsJ.V57M		penA.10.006/ponA.L421P	penA.insD345_WT		gyrB.D429_WT/gyrB.K450_WT
WHO_X_SRR27944621	azithromycin,zoliflodacin	penA.37.001/penA.A311V/penA.V316P	penA.A501_WT		23S.A2059_WT/23S.C2611_WT/mtrC.WT/mtrD.WT	gyrA.D95N/gyrA.S91F/parC.S87R	parC.D86_WT/parC.E91_WT	rpsJ.V57M	tetM.not_present	penA.37.001/ponA.L421P	penA.insD345_WT		gyrB.D429_WT/gyrB.K450_WT
WHO_Y_SRR27944620	azithromycin,zoliflodacin	penA.42.001/penA.A501P/penA.V316T	penA.A311_WT		23S.A2059_WT/23S.C2611_WT/mtrC.WT/mtrD.WT	gyrA.D95G/gyrA.S91F/parC.S87R	parC.D86_WT/parC.E91_WT	rpsJ.V57M		penA.42.001/penA.insD345/ponA.L421P			gyrB.D429_WT/gyrB.K450_WT
WHO_Z_SRR27944619	azithromycin,zoliflodacin	penA.64.001/penA.A311V/penA.V316T	penA.A501_WT		23S.A2059_WT/23S.C2611_WT/mtrC.WT/mtrD.WT	gyrA.D95N/gyrA.S91F/parC.S87R	parC.D86_WT/parC.E91_WT	rpsJ.V57M	tetM.not_present	penA.64.001/ponA.L421P	blaTEM.not_present/penA.insD345_WT		gyrB.D429_WT/gyrB.K450_WT
